9,5,13,11,18,8,1,14,19,20,12,0,2,10,16,4,3,6,15,7,21
9,5,13,11,18,8,1,14,19,20,12,0,2,10,16,4,3,6,15,7,21
9,5,13,11,18,8,1,14,19,20,12,0,2,10,16,4,3,6,15,7,21
9,5,13,11,18,8,1,14,19,20,12,0,2,10,16,4,3,6,15,7,21
9,5,13,11,18,8,1,14,19,20,12,0,2,10,16,4,3,6,15,7,21
9,5,13,11,18,8,1,14,19,20,12,0,2,10,16,4,3,6,15,7,21
9,5,13,11,18,8,1,14,19,20,12,0,2,10,16,4,3,6,15,7,21
9,5,13,11,18,8,1,14,19,20,12,0,2,10,16,4,3,6,15,7,21
9,5,13,11,18,8,1,14,19,20,12,0,2,10,16,4,3,6,15,7,21
9,5,13,11,18,8,1,14,19,20,12,0,2,10,16,4,3,6,15,7,21
9,5,13,11,18,8,1,14,19,20,12,0,2,10,16,4,3,6,15,7,21
9,5,13,11,18,8,1,14,19,20,12,0,2,10,16,4,3,6,15,7,21
9,5,13,11,18,8,1,14,19,20,12,0,2,10,16,4,3,6,15,7,21
9,5,13,11,18,8,1,14,19,20,12,0,2,10,16,4,3,6,15,7,21
9,5,13,11,18,8,1,14,19,20,12,0,2,10,16,4,3,6,15,7,21
9,5,13,11,18,8,1,14,19,20,12,0,2,10,16,4,3,6,15,7,21
9,5,13,11,18,8,1,14,19,20,12,0,2,10,16,4,3,6,15,7,21
9,5,13,11,18,8,1,14,19,20,12,0,2,10,16,4,3,6,15,7,21
9,5,13,11,18,8,1,14,19,20,12,0,2,10,16,4,3,6,15,7,21
9,5,13,11,18,8,1,14,19,20,12,0,2,10,16,4,3,6,15,7,21
9,5,13,11,18,8,1,14,19,20,12,0,2,10,16,4,3,6,15,7,21
9,5,13,11,18,8,1,14,19,20,12,0,2,10,16,4,3,6,15,7,21
9,5,13,11,18,8,1,14,19,20,12,0,2,10,16,4,3,6,15,7,21
9,5,13,11,18,8,1,14,19,20,12,0,2,10,16,4,3,6,15,7,21
9,5,13,11,18,8,1,14,19,20,12,0,2,10,16,4,3,6,15,7,21
9,5,13,11,18,8,1,14,19,20,12,0,2,10,16,4,3,6,15,7,21
9,5,13,11,18,8,1,14,19,20,12,0,2,10,16,4,3,6,15,7,21
9,5,13,11,18,8,1,14,19,20,12,0,2,10,16,4,3,6,15,7,21
9,5,13,11,18,8,1,14,19,20,12,0,2,10,16,4,3,6,15,7,21
9,5,13,11,18,8,1,14,19,20,12,0,2,10,16,4,3,6,15,7,21
9,5,13,11,18,8,1,14,19,20,12,0,2,10,16,4,3,6,15,7,21
9,5,13,11,18,8,1,14,19,20,12,0,2,10,16,4,3,6,15,7,21
9,5,13,11,18,8,1,14,19,20,12,0,2,10,16,4,3,6,15,7,21
9,5,13,11,18,8,1,14,19,20,12,0,2,10,16,4,3,6,15,7,21
9,5,13,11,18,8,1,14,19,20,12,0,2,10,16,4,3,6,15,7,21
9,5,13,11,18,8,1,14,19,20,12,0,2,10,16,4,3,6,15,7,21
9,5,13,11,18,8,1,14,19,20,12,0,2,10,16,4,3,6,15,7,21
9,5,13,11,18,8,1,14,19,20,12,0,2,10,16,4,3,6,15,7,21
9,5,13,11,18,8,1,14,19,20,12,0,2,10,16,4,3,6,15,7,21
9,5,13,11,18,8,1,14,19,20,12,0,2,10,16,4,3,6,15,7,21
9,5,13,11,18,8,1,14,19,20,12,0,2,10,16,4,3,6,15,7,21
9,5,13,11,18,8,1,14,19,20,12,0,2,10,16,4,3,6,15,7,21
9,5,13,11,18,8,1,14,19,20,12,0,2,10,16,4,3,6,15,7,21
9,5,13,11,18,8,1,14,19,20,12,0,2,10,16,4,3,6,15,7,21
9,5,13,11,18,8,1,14,19,20,12,0,2,10,16,4,3,6,15,7,21
9,5,13,11,18,8,1,14,19,20,12,0,2,10,16,4,3,6,15,7,21
9,5,13,11,18,8,1,14,19,20,12,0,2,10,16,4,3,6,15,7,21
9,5,13,11,18,8,1,14,19,20,12,0,2,10,16,4,3,6,15,7,21
9,5,13,11,18,8,1,14,19,20,12,0,2,10,16,4,3,6,15,7,21
9,5,13,11,18,8,1,14,19,20,12,0,2,10,16,4,3,6,15,7,21
9,5,13,11,18,8,1,14,19,20,12,0,2,10,16,4,3,6,15,7,21
9,5,13,11,18,8,1,14,19,20,12,0,2,10,16,4,3,6,15,7,21
9,5,13,11,18,8,1,14,19,20,12,0,2,10,16,4,3,6,15,7,21
9,5,13,11,18,8,1,14,19,20,12,0,2,10,16,4,3,6,15,7,21
9,5,13,11,18,8,1,14,19,20,12,0,2,10,16,4,3,6,15,7,21
9,5,13,11,18,8,1,14,19,20,12,0,2,10,16,4,3,6,15,7,21
9,5,13,11,18,8,1,14,19,20,12,0,2,10,16,4,3,6,15,7,21
9,5,13,11,18,8,1,14,19,20,12,0,2,10,16,4,3,6,15,7,21
9,5,13,11,18,8,1,14,19,20,12,0,2,10,16,4,3,6,15,7,21
9,5,13,11,18,8,1,14,19,20,12,0,2,10,16,4,3,6,15,7,21
9,5,13,11,18,8,1,14,19,20,12,0,2,10,16,4,3,6,15,7,21
9,5,13,11,18,8,1,14,19,20,12,0,2,10,16,4,3,6,15,7,21
9,5,13,11,18,8,1,14,19,20,12,0,2,10,16,4,3,6,15,7,21
9,5,13,11,18,8,1,14,19,20,12,0,2,10,16,4,3,6,15,7,21
9,5,13,11,18,8,1,14,19,20,12,0,2,10,16,4,3,6,15,7,21
9,5,13,11,18,8,1,14,19,20,12,0,2,10,16,4,3,6,15,7,21
9,5,13,11,18,8,1,14,19,20,12,0,2,10,16,4,3,6,15,7,21
9,5,13,11,18,8,1,14,19,20,12,0,2,10,16,4,3,6,15,7,21
9,5,13,11,18,8,1,14,19,20,12,0,2,10,16,4,3,6,15,7,21
9,5,13,11,18,8,1,14,19,20,12,0,2,10,16,4,3,6,15,7,21
9,5,13,11,18,8,1,14,19,20,12,0,2,10,16,4,3,6,15,7,21
9,5,13,11,18,8,1,14,19,20,12,0,2,10,16,4,3,6,15,7,21
9,5,13,11,18,8,1,14,19,20,12,0,2,10,16,4,3,6,15,7,21
9,5,13,11,18,8,1,14,19,20,12,0,2,10,16,4,3,6,15,7,21
9,5,13,11,18,8,1,14,19,20,12,0,2,10,16,4,3,6,15,7,21
9,5,13,11,18,8,1,14,19,20,12,0,2,10,16,4,3,6,15,7,21
9,5,13,11,18,8,1,14,19,20,12,0,2,10,16,4,3,6,15,7,21
9,5,13,11,18,8,1,14,19,20,12,0,2,10,16,4,3,6,15,7,21
9,5,13,11,18,8,1,14,19,20,12,0,2,10,16,4,3,6,15,7,21
9,5,13,11,18,8,1,14,19,20,12,0,2,10,16,4,3,6,15,7,21
9,5,13,11,18,8,1,14,19,20,12,0,2,10,16,4,3,6,15,7,21
9,5,13,11,18,8,1,14,19,20,12,0,2,10,16,4,3,6,15,7,21
9,5,13,11,18,8,1,14,19,20,12,0,2,10,16,4,3,6,15,7,21
9,5,13,11,18,8,1,14,19,20,12,0,2,10,16,4,3,6,15,7,21
9,5,13,11,18,8,1,14,19,20,12,0,2,10,16,4,3,6,15,7,21
9,5,13,11,18,8,1,14,19,20,12,0,2,10,16,4,3,6,15,7,21
9,5,13,11,18,8,1,14,19,20,12,0,2,10,16,4,3,6,15,7,21
9,5,13,11,18,8,1,14,19,20,12,0,2,10,16,4,3,6,15,7,21
9,5,13,11,18,8,1,14,19,20,12,0,2,10,16,4,3,6,15,7,21
9,5,13,11,18,8,1,14,19,20,12,0,2,10,16,4,3,6,15,7,21
9,5,13,11,18,8,1,14,19,20,12,0,2,10,16,4,3,6,15,7,21
9,5,13,11,18,8,1,14,19,20,12,0,2,10,16,4,3,6,15,7,21
9,5,13,11,18,8,1,14,19,20,12,0,2,10,16,4,3,6,15,7,21
9,5,13,11,18,8,1,14,19,20,12,0,2,10,16,4,3,6,15,7,21
9,5,13,11,18,8,1,14,19,20,12,0,2,10,16,4,3,6,15,7,21
9,5,13,11,18,8,1,14,19,20,12,0,2,10,16,4,3,6,15,7,21
9,5,13,11,18,8,1,14,19,20,12,0,2,10,16,4,3,6,15,7,21
9,5,13,11,18,8,1,14,19,20,12,0,2,10,16,4,3,6,15,7,21
9,5,13,11,18,8,1,14,19,20,12,0,2,10,16,4,3,6,15,7,21
9,5,13,11,18,8,1,14,19,20,12,0,2,10,16,4,3,6,15,7,21
9,5,13,11,18,8,1,14,19,20,12,0,2,10,16,4,3,6,15,7,21
9,5,13,11,18,8,1,14,19,20,12,0,2,10,16,4,3,6,15,7,21
9,5,13,11,18,8,1,14,19,20,12,0,2,10,16,4,3,6,15,7,21
9,5,13,11,18,8,1,14,19,20,12,0,2,10,16,4,3,6,15,7,21
9,5,13,11,18,8,1,14,19,20,12,0,2,10,16,4,3,6,15,7,21
9,5,13,11,18,8,1,14,19,20,12,0,2,10,16,4,3,6,15,7,21
9,5,13,11,18,8,1,14,19,20,12,0,2,10,16,4,3,6,15,7,21
9,5,13,11,18,8,1,14,19,20,12,0,2,10,16,4,3,6,15,7,21
9,5,13,11,18,8,1,14,19,20,12,0,2,10,16,4,3,6,15,7,21
9,5,13,11,18,8,1,14,19,20,12,0,2,10,16,4,3,6,15,7,21
9,5,13,11,18,8,1,14,19,20,12,0,2,10,16,4,3,6,15,7,21
9,5,13,11,18,8,1,14,19,20,12,0,2,10,16,4,3,6,15,7,21
9,5,13,11,18,8,1,14,19,20,12,0,2,10,16,4,3,6,15,7,21
9,5,13,11,18,8,1,14,19,20,12,0,2,10,16,4,3,6,15,7,21
9,5,13,11,18,8,1,14,19,20,12,0,2,10,16,4,3,6,15,7,21
9,5,13,11,18,8,1,14,19,20,12,0,2,10,16,4,3,6,15,7,21
9,5,13,11,18,8,1,14,19,20,12,0,2,10,16,4,3,6,15,7,21
9,5,13,11,18,8,1,14,19,20,12,0,2,10,16,4,3,6,15,7,21
9,5,13,11,18,8,1,14,19,20,12,0,2,10,16,4,3,6,15,7,21
9,5,13,11,18,8,1,14,19,20,12,0,2,10,16,4,3,6,15,7,21
9,5,13,11,18,8,1,14,19,20,12,0,2,10,16,4,3,6,15,7,21
9,5,13,11,18,8,1,14,19,20,12,0,2,10,16,4,3,6,15,7,21
9,5,13,11,18,8,1,14,19,20,12,0,2,10,16,4,3,6,15,7,21
9,5,13,11,18,8,1,14,19,20,12,0,2,10,16,4,3,6,15,7,21
9,5,13,11,18,8,1,14,19,20,12,0,2,10,16,4,3,6,15,7,21
9,5,13,11,18,8,1,14,19,20,12,0,2,10,16,4,3,6,15,7,21
9,5,13,11,18,8,1,14,19,20,12,0,2,10,16,4,3,6,15,7,21
9,5,13,11,18,8,1,14,19,20,12,0,2,10,16,4,3,6,15,7,21
9,5,13,11,18,8,1,14,19,20,12,0,2,10,16,4,3,6,15,7,21
9,5,13,11,18,8,1,14,19,20,12,0,2,10,16,4,3,6,15,7,21
9,5,13,11,18,8,1,14,19,20,12,0,2,10,16,4,3,6,15,7,21
9,5,13,11,18,8,1,14,19,20,12,0,2,10,16,4,3,6,15,7,21
9,5,13,11,18,8,1,14,19,20,12,0,2,10,16,4,3,6,15,7,21
9,5,13,11,18,8,1,14,19,20,12,0,2,10,16,4,3,6,15,7,21
9,5,13,11,18,8,1,14,19,20,12,0,2,10,16,4,3,6,15,7,21
9,5,13,11,18,8,1,14,19,20,12,0,2,10,16,4,3,6,15,7,21
9,5,13,11,18,8,1,14,19,20,12,0,2,10,16,4,3,6,15,7,21
9,5,13,11,18,8,1,14,19,20,12,0,2,10,16,4,3,6,15,7,21
9,5,13,11,18,8,1,14,19,20,12,0,2,10,16,4,3,6,15,7,21
9,5,13,11,18,8,1,14,19,20,12,0,2,10,16,4,3,6,15,7,21
9,5,13,11,18,8,1,14,19,20,12,0,2,10,16,4,3,6,15,7,21
9,5,13,11,18,8,1,14,19,20,12,0,2,10,16,4,3,6,15,7,21
9,5,13,11,18,8,1,14,19,20,12,0,2,10,16,4,3,6,15,7,21
9,5,13,11,18,8,1,14,19,20,12,0,2,10,16,4,3,6,15,7,21
9,5,13,11,18,8,1,14,19,20,12,0,2,10,16,4,3,6,15,7,21
9,5,13,11,18,8,1,14,19,20,12,0,2,10,16,4,3,6,15,7,21
9,5,13,11,18,8,1,14,19,20,12,0,2,10,16,4,3,6,15,7,21
9,5,13,11,18,8,1,14,19,20,12,0,2,10,16,4,3,6,15,7,21
9,5,13,11,18,8,1,14,19,20,12,0,2,10,16,4,3,6,15,7,21
9,5,13,11,18,8,1,14,19,20,12,0,2,10,16,4,3,6,15,7,21
9,5,13,11,18,8,1,14,19,20,12,0,2,10,16,4,3,6,15,7,21
9,5,13,11,18,8,1,14,19,20,12,0,2,10,16,4,3,6,15,7,21
9,5,13,11,18,8,1,14,19,20,12,0,2,10,16,4,3,6,15,7,21
9,5,13,11,18,8,1,14,19,20,12,0,2,10,16,4,3,6,15,7,21
9,5,13,11,18,8,1,14,19,20,12,0,2,10,16,4,3,6,15,7,21
9,5,13,11,18,8,1,14,19,20,12,0,2,10,16,4,3,6,15,7,21
9,5,13,11,18,8,1,14,19,20,12,0,2,10,16,4,3,6,15,7,21
9,5,13,11,18,8,1,14,19,20,12,0,2,10,16,4,3,6,15,7,21
9,5,13,11,18,8,1,14,19,20,12,0,2,10,16,4,3,6,15,7,21
9,5,13,11,18,8,1,14,19,20,12,0,2,10,16,4,3,6,15,7,21
9,5,13,11,18,8,1,14,19,20,12,0,2,10,16,4,3,6,15,7,21
9,5,13,11,18,8,1,14,19,20,12,0,2,10,16,4,3,6,15,7,21
9,5,13,11,18,8,1,14,19,20,12,0,2,10,16,4,3,6,15,7,21
9,5,13,11,18,8,1,14,19,20,12,0,2,10,16,4,3,6,15,7,21
9,5,13,11,18,8,1,14,19,20,12,0,2,10,16,4,3,6,15,7,21
9,5,13,11,18,8,1,14,19,20,12,0,2,10,16,4,3,6,15,7,21
9,5,13,11,18,8,1,14,19,20,12,0,2,10,16,4,3,6,15,7,21
9,5,13,11,18,8,1,14,19,20,12,0,2,10,16,4,3,6,15,7,21
9,5,13,11,18,8,1,14,19,20,12,0,2,10,16,4,3,6,15,7,21
9,5,13,11,18,8,1,14,19,20,12,0,2,10,16,4,3,6,15,7,21
9,5,13,11,18,8,1,14,19,20,12,0,2,10,16,4,3,6,15,7,21
9,5,13,11,18,8,1,14,19,20,12,0,2,10,16,4,3,6,15,7,21
9,5,13,11,18,8,1,14,19,20,12,0,2,10,16,4,3,6,15,7,21
9,5,13,11,18,8,1,14,19,20,12,0,2,10,16,4,3,6,15,7,21
9,5,13,11,18,8,1,14,19,20,12,0,2,10,16,4,3,6,15,7,21
9,5,13,11,18,8,1,14,19,20,12,0,2,10,16,4,3,6,15,7,21
9,5,13,11,18,8,1,14,19,20,12,0,2,10,16,4,3,6,15,7,21
9,5,13,11,18,8,1,14,19,20,12,0,2,10,16,4,3,6,15,7,21
9,5,13,11,18,8,1,14,19,20,12,0,2,10,16,4,3,6,15,7,21
9,5,13,11,18,8,1,14,19,20,12,0,2,10,16,4,3,6,15,7,21
9,5,13,11,18,8,1,14,19,20,12,0,2,10,16,4,3,6,15,7,21
9,5,13,11,18,8,1,14,19,20,12,0,2,10,16,4,3,6,15,7,21
9,5,13,11,18,8,1,14,19,20,12,0,2,10,16,4,3,6,15,7,21
9,5,13,11,18,8,1,14,19,20,12,0,2,10,16,4,3,6,15,7,21
9,5,13,11,18,8,1,14,19,20,12,0,2,10,16,4,3,6,15,7,21
9,5,13,11,18,8,1,14,19,20,12,0,2,10,16,4,3,6,15,7,21
9,5,13,11,18,8,1,14,19,20,12,0,2,10,16,4,3,6,15,7,21
9,5,13,11,18,8,1,14,19,20,12,0,2,10,16,4,3,6,15,7,21
9,5,13,11,18,8,1,14,19,20,12,0,2,10,16,4,3,6,15,7,21
9,5,13,11,18,8,1,14,19,20,12,0,2,10,16,4,3,6,15,7,21
9,5,13,11,18,8,1,14,19,20,12,0,2,10,16,4,3,6,15,7,21
9,5,13,11,18,8,1,14,19,20,12,0,2,10,16,4,3,6,15,7,21
9,5,13,11,18,8,1,14,19,20,12,0,2,10,16,4,3,6,15,7,21
9,5,13,11,18,8,1,14,19,20,12,0,2,10,16,4,3,6,15,7,21
9,5,13,11,18,8,1,14,19,20,12,0,2,10,16,4,3,6,15,7,21
9,5,13,11,18,8,1,14,19,20,12,0,2,10,16,4,3,6,15,7,21
9,5,13,11,18,8,1,14,19,20,12,0,2,10,16,4,3,6,15,7,21
9,5,13,11,18,8,1,14,19,20,12,0,2,10,16,4,3,6,15,7,21
9,5,13,11,18,8,1,14,19,20,12,0,2,10,16,4,3,6,15,7,21
9,5,13,11,18,8,1,14,19,20,12,0,2,10,16,4,3,6,15,7,21
9,5,13,11,18,8,1,14,19,20,12,0,2,10,16,4,3,6,15,7,21
9,5,13,11,18,8,1,14,19,20,12,0,2,10,16,4,3,6,15,7,21
9,5,13,11,18,8,1,14,19,20,12,0,2,10,16,4,3,6,15,7,21
9,5,13,11,18,8,1,14,19,20,12,0,2,10,16,4,3,6,15,7,21
9,5,13,11,18,8,1,14,19,20,12,0,2,10,16,4,3,6,15,7,21
9,5,13,11,18,8,1,14,19,20,12,0,2,10,16,4,3,6,15,7,21
9,5,13,11,18,8,1,14,19,20,12,0,2,10,16,4,3,6,15,7,21
9,5,13,11,18,8,1,14,19,20,12,0,2,10,16,4,3,6,15,7,21
9,5,13,11,18,8,1,14,19,20,12,0,2,10,16,4,3,6,15,7,21
9,5,13,11,18,8,1,14,19,20,12,0,2,10,16,4,3,6,15,7,21
9,5,13,11,18,8,1,14,19,20,12,0,2,10,16,4,3,6,15,7,21
9,5,13,11,18,8,1,14,19,20,12,0,2,10,16,4,3,6,15,7,21
9,5,13,11,18,8,1,14,19,20,12,0,2,10,16,4,3,6,15,7,21
9,5,13,11,18,8,1,14,19,20,12,0,2,10,16,4,3,6,15,7,21
9,5,13,11,18,8,1,14,19,20,12,0,2,10,16,4,3,6,15,7,21
9,5,13,11,18,8,1,14,19,20,12,0,2,10,16,4,3,6,15,7,21
9,5,13,11,18,8,1,14,19,20,12,0,2,10,16,4,3,6,15,7,21
9,5,13,11,18,8,1,14,19,20,12,0,2,10,16,4,3,6,15,7,21
9,5,13,11,18,8,1,14,19,20,12,0,2,10,16,4,3,6,15,7,21
9,5,13,11,18,8,1,14,19,20,12,0,2,10,16,4,3,6,15,7,21
9,5,13,11,18,8,1,14,19,20,12,0,2,10,16,4,3,6,15,7,21
9,5,13,11,18,8,1,14,19,20,12,0,2,10,16,4,3,6,15,7,21
9,5,13,11,18,8,1,14,19,20,12,0,2,10,16,4,3,6,15,7,21
9,5,13,11,18,8,1,14,19,20,12,0,2,10,16,4,3,6,15,7,21
9,5,13,11,18,8,1,14,19,20,12,0,2,10,16,4,3,6,15,7,21
9,5,13,11,18,8,1,14,19,20,12,0,2,10,16,4,3,6,15,7,21
9,5,13,11,18,8,1,14,19,20,12,0,2,10,16,4,3,6,15,7,21
9,5,13,11,18,8,1,14,19,20,12,0,2,10,16,4,3,6,15,7,21
9,5,13,11,18,8,1,14,19,20,12,0,2,10,16,4,3,6,15,7,21
9,5,13,11,18,8,1,14,19,20,12,0,2,10,16,4,3,6,15,7,21
9,5,13,11,18,8,1,14,19,20,12,0,2,10,16,4,3,6,15,7,21
9,5,13,11,18,8,1,14,19,20,12,0,2,10,16,4,3,6,15,7,21
9,5,13,11,18,8,1,14,19,20,12,0,2,10,16,4,3,6,15,7,21
9,5,13,11,18,8,1,14,19,20,12,0,2,10,16,4,3,6,15,7,21
9,5,13,11,18,8,1,14,19,20,12,0,2,10,16,4,3,6,15,7,21
9,5,13,11,18,8,1,14,19,20,12,0,2,10,16,4,3,6,15,7,21
9,5,13,11,18,8,1,14,19,20,12,0,2,10,16,4,3,6,15,7,21
9,5,13,11,18,8,1,14,19,20,12,0,2,10,16,4,3,6,15,7,21
9,5,13,11,18,8,1,14,19,20,12,0,2,10,16,4,3,6,15,7,21
9,5,13,11,18,8,1,14,19,20,12,0,2,10,16,4,3,6,15,7,21
9,5,13,11,18,8,1,14,19,20,12,0,2,10,16,4,3,6,15,7,21
9,5,13,11,18,8,1,14,19,20,12,0,2,10,16,4,3,6,15,7,21
9,5,13,11,18,8,1,14,19,20,12,0,2,10,16,4,3,6,15,7,21
9,5,13,11,18,8,1,14,19,20,12,0,2,10,16,4,3,6,15,7,21
9,5,13,11,18,8,1,14,19,20,12,0,2,10,16,4,3,6,15,7,21
9,5,13,11,18,8,1,14,19,20,12,0,2,10,16,4,3,6,15,7,21
9,5,13,11,18,8,1,14,19,20,12,0,2,10,16,4,3,6,15,7,21
9,5,13,11,18,8,1,14,19,20,12,0,2,10,16,4,3,6,15,7,21
9,5,13,11,18,8,1,14,19,20,12,0,2,10,16,4,3,6,15,7,21
9,5,13,11,18,8,1,14,19,20,12,0,2,10,16,4,3,6,15,7,21
9,5,13,11,18,8,1,14,19,20,12,0,2,10,16,4,3,6,15,7,21
9,5,13,11,18,8,1,14,19,20,12,0,2,10,16,4,3,6,15,7,21
9,5,13,11,18,8,1,14,19,20,12,0,2,10,16,4,3,6,15,7,21
9,5,13,11,18,8,1,14,19,20,12,0,2,10,16,4,3,6,15,7,21
9,5,13,11,18,8,1,14,19,20,12,0,2,10,16,4,3,6,15,7,21
9,5,13,11,18,8,1,14,19,20,12,0,2,10,16,4,3,6,15,7,21
9,5,13,11,18,8,1,14,19,20,12,0,2,10,16,4,3,6,15,7,21
9,5,13,11,18,8,1,14,19,20,12,0,2,10,16,4,3,6,15,7,21
9,5,13,11,18,8,1,14,19,20,12,0,2,10,16,4,3,6,15,7,21
9,5,13,11,18,8,1,14,19,20,12,0,2,10,16,4,3,6,15,7,21
9,5,13,11,18,8,1,14,19,20,12,0,2,10,16,4,3,6,15,7,21
9,5,13,11,18,8,1,14,19,20,12,0,2,10,16,4,3,6,15,7,21
9,5,13,11,18,8,1,14,19,20,12,0,2,10,16,4,3,6,15,7,21
9,5,13,11,18,8,1,14,19,20,12,0,2,10,16,4,3,6,15,7,21
9,5,13,11,18,8,1,14,19,20,12,0,2,10,16,4,3,6,15,7,21
9,5,13,11,18,8,1,14,19,20,12,0,2,10,16,4,3,6,15,7,21
9,5,13,11,18,8,1,14,19,20,12,0,2,10,16,4,3,6,15,7,21
9,5,13,11,18,8,1,14,19,20,12,0,2,10,16,4,3,6,15,7,21
9,5,13,11,18,8,1,14,19,20,12,0,2,10,16,4,3,6,15,7,21
9,5,13,11,18,8,1,14,19,20,12,0,2,10,16,4,3,6,15,7,21
9,5,13,11,18,8,1,14,19,20,12,0,2,10,16,4,3,6,15,7,21
9,5,13,11,18,8,1,14,19,20,12,0,2,10,16,4,3,6,15,7,21
9,5,13,11,18,8,1,14,19,20,12,0,2,10,16,4,3,6,15,7,21
9,5,13,11,18,8,1,14,19,20,12,0,2,10,16,4,3,6,15,7,21
9,5,13,11,18,8,1,14,19,20,12,0,2,10,16,4,3,6,15,7,21
9,5,13,11,18,8,1,14,19,20,12,0,2,10,16,4,3,6,15,7,21
9,5,13,11,18,8,1,14,19,20,12,0,2,10,16,4,3,6,15,7,21
9,5,13,11,18,8,1,14,19,20,12,0,2,10,16,4,3,6,15,7,21
9,5,13,11,18,8,1,14,19,20,12,0,2,10,16,4,3,6,15,7,21
9,5,13,11,18,8,1,14,19,20,12,0,2,10,16,4,3,6,15,7,21
9,5,13,11,18,8,1,14,19,20,12,0,2,10,16,4,3,6,15,7,21
9,5,13,11,18,8,1,14,19,20,12,0,2,10,16,4,3,6,15,7,21
9,5,13,11,18,8,1,14,19,20,12,0,2,10,16,4,3,6,15,7,21
9,5,13,11,18,8,1,14,19,20,12,0,2,10,16,4,3,6,15,7,21
9,5,13,11,18,8,1,14,19,20,12,0,2,10,16,4,3,6,15,7,21
9,5,13,11,18,8,1,14,19,20,12,0,2,10,16,4,3,6,15,7,21
9,5,13,11,18,8,1,14,19,20,12,0,2,10,16,4,3,6,15,7,21
9,5,13,11,18,8,1,14,19,20,12,0,2,10,16,4,3,6,15,7,21
9,5,13,11,18,8,1,14,19,20,12,0,2,10,16,4,3,6,15,7,21
9,5,13,11,18,8,1,14,19,20,12,0,2,10,16,4,3,6,15,7,21
9,5,13,11,18,8,1,14,19,20,12,0,2,10,16,4,3,6,15,7,21
9,5,13,11,18,8,1,14,19,20,12,0,2,10,16,4,3,6,15,7,21
9,5,13,11,18,8,1,14,19,20,12,0,2,10,16,4,3,6,15,7,21
9,5,13,11,18,8,1,14,19,20,12,0,2,10,16,4,3,6,15,7,21
9,5,13,11,18,8,1,14,19,20,12,0,2,10,16,4,3,6,15,7,21
9,5,13,11,18,8,1,14,19,20,12,0,2,10,16,4,3,6,15,7,21
9,5,13,11,18,8,1,14,19,20,12,0,2,10,16,4,3,6,15,7,21
9,5,13,11,18,8,1,14,19,20,12,0,2,10,16,4,3,6,15,7,21
9,5,13,11,18,8,1,14,19,20,12,0,2,10,16,4,3,6,15,7,21
9,5,13,11,18,8,1,14,19,20,12,0,2,10,16,4,3,6,15,7,21
9,5,13,11,18,8,1,14,19,20,12,0,2,10,16,4,3,6,15,7,21
9,5,13,11,18,8,1,14,19,20,12,0,2,10,16,4,3,6,15,7,21
9,5,13,11,18,8,1,14,19,20,12,0,2,10,16,4,3,6,15,7,21
9,5,13,11,18,8,1,14,19,20,12,0,2,10,16,4,3,6,15,7,21
9,5,13,11,18,8,1,14,19,20,12,0,2,10,16,4,3,6,15,7,21
9,5,13,11,18,8,1,14,19,20,12,0,2,10,16,4,3,6,15,7,21
9,5,13,11,18,8,1,14,19,20,12,0,2,10,16,4,3,6,15,7,21
9,5,13,11,18,8,1,14,19,20,12,0,2,10,16,4,3,6,15,7,21
9,5,13,11,18,8,1,14,19,20,12,0,2,10,16,4,3,6,15,7,21
9,5,13,11,18,8,1,14,19,20,12,0,2,10,16,4,3,6,15,7,21
9,5,13,11,18,8,1,14,19,20,12,0,2,10,16,4,3,6,15,7,21
9,5,13,11,18,8,1,14,19,20,12,0,2,10,16,4,3,6,15,7,21
9,5,13,11,18,8,1,14,19,20,12,0,2,10,16,4,3,6,15,7,21
9,5,13,11,18,8,1,14,19,20,12,0,2,10,16,4,3,6,15,7,21
9,5,13,11,18,8,1,14,19,20,12,0,2,10,16,4,3,6,15,7,21
9,5,13,11,18,8,1,14,19,20,12,0,2,10,16,4,3,6,15,7,21
9,5,13,11,18,8,1,14,19,20,12,0,2,10,16,4,3,6,15,7,21
9,5,13,11,18,8,1,14,19,20,12,0,2,10,16,4,3,6,15,7,21
9,5,13,11,18,8,1,14,19,20,12,0,2,10,16,4,3,6,15,7,21
9,5,13,11,18,8,1,14,19,20,12,0,2,10,16,4,3,6,15,7,21
9,5,13,11,18,8,1,14,19,20,12,0,2,10,16,4,3,6,15,7,21
9,5,13,11,18,8,1,14,19,20,12,0,2,10,16,4,3,6,15,7,21
9,5,13,11,18,8,1,14,19,20,12,0,2,10,16,4,3,6,15,7,21
9,5,13,11,18,8,1,14,19,20,12,0,2,10,16,4,3,6,15,7,21
9,5,13,11,18,8,1,14,19,20,12,0,2,10,16,4,3,6,15,7,21
9,5,13,11,18,8,1,14,19,20,12,0,2,10,16,4,3,6,15,7,21
9,5,13,11,18,8,1,14,19,20,12,0,2,10,16,4,3,6,15,7,21
9,5,13,11,18,8,1,14,19,20,12,0,2,10,16,4,3,6,15,7,21
9,5,13,11,18,8,1,14,19,20,12,0,2,10,16,4,3,6,15,7,21
9,5,13,11,18,8,1,14,19,20,12,0,2,10,16,4,3,6,15,7,21
9,5,13,11,18,8,1,14,19,20,12,0,2,10,16,4,3,6,15,7,21
9,5,13,11,18,8,1,14,19,20,12,0,2,10,16,4,3,6,15,7,21
9,5,13,11,18,8,1,14,19,20,12,0,2,10,16,4,3,6,15,7,21
9,5,13,11,18,8,1,14,19,20,12,0,2,10,16,4,3,6,15,7,21
9,5,13,11,18,8,1,14,19,20,12,0,2,10,16,4,3,6,15,7,21
9,5,13,11,18,8,1,14,19,20,12,0,2,10,16,4,3,6,15,7,21
9,5,13,11,18,8,1,14,19,20,12,0,2,10,16,4,3,6,15,7,21
9,5,13,11,18,8,1,14,19,20,12,0,2,10,16,4,3,6,15,7,21
9,5,13,11,18,8,1,14,19,20,12,0,2,10,16,4,3,6,15,7,21
9,5,13,11,18,8,1,14,19,20,12,0,2,10,16,4,3,6,15,7,21
9,5,13,11,18,8,1,14,19,20,12,0,2,10,16,4,3,6,15,7,21
9,5,13,11,18,8,1,14,19,20,12,0,2,10,16,4,3,6,15,7,21
9,5,13,11,18,8,1,14,19,20,12,0,2,10,16,4,3,6,15,7,21
9,5,13,11,18,8,1,14,19,20,12,0,2,10,16,4,3,6,15,7,21
9,5,13,11,18,8,1,14,19,20,12,0,2,10,16,4,3,6,15,7,21
9,5,13,11,18,8,1,14,19,20,12,0,2,10,16,4,3,6,15,7,21
9,5,13,11,18,8,1,14,19,20,12,0,2,10,16,4,3,6,15,7,21
9,5,13,11,18,8,1,14,19,20,12,0,2,10,16,4,3,6,15,7,21
9,5,13,11,18,8,1,14,19,20,12,0,2,10,16,4,3,6,15,7,21
9,5,13,11,18,8,1,14,19,20,12,0,2,10,16,4,3,6,15,7,21
9,5,13,11,18,8,1,14,19,20,12,0,2,10,16,4,3,6,15,7,21
9,5,13,11,18,8,1,14,19,20,12,0,2,10,16,4,3,6,15,7,21
9,5,13,11,18,8,1,14,19,20,12,0,2,10,16,4,3,6,15,7,21
9,5,13,11,18,8,1,14,19,20,12,0,2,10,16,4,3,6,15,7,21
9,5,13,11,18,8,1,14,19,20,12,0,2,10,16,4,3,6,15,7,21
9,5,13,11,18,8,1,14,19,20,12,0,2,10,16,4,3,6,15,7,21
9,5,13,11,18,8,1,14,19,20,12,0,2,10,16,4,3,6,15,7,21
9,5,13,11,18,8,1,14,19,20,12,0,2,10,16,4,3,6,15,7,21
9,5,13,11,18,8,1,14,19,20,12,0,2,10,16,4,3,6,15,7,21
9,5,13,11,18,8,1,14,19,20,12,0,2,10,16,4,3,6,15,7,21
9,5,13,11,18,8,1,14,19,20,12,0,2,10,16,4,3,6,15,7,21
9,5,13,11,18,8,1,14,19,20,12,0,2,10,16,4,3,6,15,7,21
9,5,13,11,18,8,1,14,19,20,12,0,2,10,16,4,3,6,15,7,21
9,5,13,11,18,8,1,14,19,20,12,0,2,10,16,4,3,6,15,7,21
9,5,13,11,18,8,1,14,19,20,12,0,2,10,16,4,3,6,15,7,21
9,5,13,11,18,8,1,14,19,20,12,0,2,10,16,4,3,6,15,7,21
9,5,13,11,18,8,1,14,19,20,12,0,2,10,16,4,3,6,15,7,21
9,5,13,11,18,8,1,14,19,20,12,0,2,10,16,4,3,6,15,7,21
9,5,13,11,18,8,1,14,19,20,12,0,2,10,16,4,3,6,15,7,21
9,5,13,11,18,8,1,14,19,20,12,0,2,10,16,4,3,6,15,7,21
9,5,13,11,18,8,1,14,19,20,12,0,2,10,16,4,3,6,15,7,21
9,5,13,11,18,8,1,14,19,20,12,0,2,10,16,4,3,6,15,7,21
9,5,13,11,18,8,1,14,19,20,12,0,2,10,16,4,3,6,15,7,21
9,5,13,11,18,8,1,14,19,20,12,0,2,10,16,4,3,6,15,7,21
9,5,13,11,18,8,1,14,19,20,12,0,2,10,16,4,3,6,15,7,21
9,5,13,11,18,8,1,14,19,20,12,0,2,10,16,4,3,6,15,7,21
9,5,13,11,18,8,1,14,19,20,12,0,2,10,16,4,3,6,15,7,21
9,5,13,11,18,8,1,14,19,20,12,0,2,10,16,4,3,6,15,7,21
9,5,13,11,18,8,1,14,19,20,12,0,2,10,16,4,3,6,15,7,21
9,5,13,11,18,8,1,14,19,20,12,0,2,10,16,4,3,6,15,7,21
9,5,13,11,18,8,1,14,19,20,12,0,2,10,16,4,3,6,15,7,21
9,5,13,11,18,8,1,14,19,20,12,0,2,10,16,4,3,6,15,7,21
9,5,13,11,18,8,1,14,19,20,12,0,2,10,16,4,3,6,15,7,21
9,5,13,11,18,8,1,14,19,20,12,0,2,10,16,4,3,6,15,7,21
9,5,13,11,18,8,1,14,19,20,12,0,2,10,16,4,3,6,15,7,21
9,5,13,11,18,8,1,14,19,20,12,0,2,10,16,4,3,6,15,7,21
9,5,13,11,18,8,1,14,19,20,12,0,2,10,16,4,3,6,15,7,21
9,5,13,11,18,8,1,14,19,20,12,0,2,10,16,4,3,6,15,7,21
9,5,13,11,18,8,1,14,19,20,12,0,2,10,16,4,3,6,15,7,21
9,5,13,11,18,8,1,14,19,20,12,0,2,10,16,4,3,6,15,7,21
9,5,13,11,18,8,1,14,19,20,12,0,2,10,16,4,3,6,15,7,21
9,5,13,11,18,8,1,14,19,20,12,0,2,10,16,4,3,6,15,7,21
9,5,13,11,18,8,1,14,19,20,12,0,2,10,16,4,3,6,15,7,21
9,5,13,11,18,8,1,14,19,20,12,0,2,10,16,4,3,6,15,7,21
9,5,13,11,18,8,1,14,19,20,12,0,2,10,16,4,3,6,15,7,21
9,5,13,11,18,8,1,14,19,20,12,0,2,10,16,4,3,6,15,7,21
9,5,13,11,18,8,1,14,19,20,12,0,2,10,16,4,3,6,15,7,21
9,5,13,11,18,8,1,14,19,20,12,0,2,10,16,4,3,6,15,7,21
9,5,13,11,18,8,1,14,19,20,12,0,2,10,16,4,3,6,15,7,21
9,5,13,11,18,8,1,14,19,20,12,0,2,10,16,4,3,6,15,7,21
9,5,13,11,18,8,1,14,19,20,12,0,2,10,16,4,3,6,15,7,21
9,5,13,11,18,8,1,14,19,20,12,0,2,10,16,4,3,6,15,7,21
9,5,13,11,18,8,1,14,19,20,12,0,2,10,16,4,3,6,15,7,21
9,5,13,11,18,8,1,14,19,20,12,0,2,10,16,4,3,6,15,7,21
9,5,13,11,18,8,1,14,19,20,12,0,2,10,16,4,3,6,15,7,21
9,5,13,11,18,8,1,14,19,20,12,0,2,10,16,4,3,6,15,7,21
9,5,13,11,18,8,1,14,19,20,12,0,2,10,16,4,3,6,15,7,21
9,5,13,11,18,8,1,14,19,20,12,0,2,10,16,4,3,6,15,7,21
9,5,13,11,18,8,1,14,19,20,12,0,2,10,16,4,3,6,15,7,21
9,5,13,11,18,8,1,14,19,20,12,0,2,10,16,4,3,6,15,7,21
9,5,13,11,18,8,1,14,19,20,12,0,2,10,16,4,3,6,15,7,21
9,5,13,11,18,8,1,14,19,20,12,0,2,10,16,4,3,6,15,7,21
9,5,13,11,18,8,1,14,19,20,12,0,2,10,16,4,3,6,15,7,21
9,5,13,11,18,8,1,14,19,20,12,0,2,10,16,4,3,6,15,7,21
9,5,13,11,18,8,1,14,19,20,12,0,2,10,16,4,3,6,15,7,21
9,5,13,11,18,8,1,14,19,20,12,0,2,10,16,4,3,6,15,7,21
9,5,13,11,18,8,1,14,19,20,12,0,2,10,16,4,3,6,15,7,21
9,5,13,11,18,8,1,14,19,20,12,0,2,10,16,4,3,6,15,7,21
9,5,13,11,18,8,1,14,19,20,12,0,2,10,16,4,3,6,15,7,21
9,5,13,11,18,8,1,14,19,20,12,0,2,10,16,4,3,6,15,7,21
9,5,13,11,18,8,1,14,19,20,12,0,2,10,16,4,3,6,15,7,21
9,5,13,11,18,8,1,14,19,20,12,0,2,10,16,4,3,6,15,7,21
9,5,13,11,18,8,1,14,19,20,12,0,2,10,16,4,3,6,15,7,21
9,5,13,11,18,8,1,14,19,20,12,0,2,10,16,4,3,6,15,7,21
9,5,13,11,18,8,1,14,19,20,12,0,2,10,16,4,3,6,15,7,21
9,5,13,11,18,8,1,14,19,20,12,0,2,10,16,4,3,6,15,7,21
9,5,13,11,18,8,1,14,19,20,12,0,2,10,16,4,3,6,15,7,21
9,5,13,11,18,8,1,14,19,20,12,0,2,10,16,4,3,6,15,7,21
9,5,13,11,18,8,1,14,19,20,12,0,2,10,16,4,3,6,15,7,21
9,5,13,11,18,8,1,14,19,20,12,0,2,10,16,4,3,6,15,7,21
9,5,13,11,18,8,1,14,19,20,12,0,2,10,16,4,3,6,15,7,21
9,5,13,11,18,8,1,14,19,20,12,0,2,10,16,4,3,6,15,7,21
9,5,13,11,18,8,1,14,19,20,12,0,2,10,16,4,3,6,15,7,21
9,5,13,11,18,8,1,14,19,20,12,0,2,10,16,4,3,6,15,7,21
9,5,13,11,18,8,1,14,19,20,12,0,2,10,16,4,3,6,15,7,21
9,5,13,11,18,8,1,14,19,20,12,0,2,10,16,4,3,6,15,7,21
9,5,13,11,18,8,1,14,19,20,12,0,2,10,16,4,3,6,15,7,21
9,5,13,11,18,8,1,14,19,20,12,0,2,10,16,4,3,6,15,7,21
9,5,13,11,18,8,1,14,19,20,12,0,2,10,16,4,3,6,15,7,21
9,5,13,11,18,8,1,14,19,20,12,0,2,10,16,4,3,6,15,7,21
9,5,13,11,18,8,1,14,19,20,12,0,2,10,16,4,3,6,15,7,21
9,5,13,11,18,8,1,14,19,20,12,0,2,10,16,4,3,6,15,7,21
9,5,13,11,18,8,1,14,19,20,12,0,2,10,16,4,3,6,15,7,21
9,5,13,11,18,8,1,14,19,20,12,0,2,10,16,4,3,6,15,7,21
9,5,13,11,18,8,1,14,19,20,12,0,2,10,16,4,3,6,15,7,21
9,5,13,11,18,8,1,14,19,20,12,0,2,10,16,4,3,6,15,7,21
9,5,13,11,18,8,1,14,19,20,12,0,2,10,16,4,3,6,15,7,21
9,5,13,11,18,8,1,14,19,20,12,0,2,10,16,4,3,6,15,7,21
9,5,13,11,18,8,1,14,19,20,12,0,2,10,16,4,3,6,15,7,21
9,5,13,11,18,8,1,14,19,20,12,0,2,10,16,4,3,6,15,7,21
9,5,13,11,18,8,1,14,19,20,12,0,2,10,16,4,3,6,15,7,21
9,5,13,11,18,8,1,14,19,20,12,0,2,10,16,4,3,6,15,7,21
9,5,13,11,18,8,1,14,19,20,12,0,2,10,16,4,3,6,15,7,21
9,5,13,11,18,8,1,14,19,20,12,0,2,10,16,4,3,6,15,7,21
9,5,13,11,18,8,1,14,19,20,12,0,2,10,16,4,3,6,15,7,21
9,5,13,11,18,8,1,14,19,20,12,0,2,10,16,4,3,6,15,7,21
9,5,13,11,18,8,1,14,19,20,12,0,2,10,16,4,3,6,15,7,21
9,5,13,11,18,8,1,14,19,20,12,0,2,10,16,4,3,6,15,7,21
9,5,13,11,18,8,1,14,19,20,12,0,2,10,16,4,3,6,15,7,21
9,5,13,11,18,8,1,14,19,20,12,0,2,10,16,4,3,6,15,7,21
9,5,13,11,18,8,1,14,19,20,12,0,2,10,16,4,3,6,15,7,21
9,5,13,11,18,8,1,14,19,20,12,0,2,10,16,4,3,6,15,7,21
9,5,13,11,18,8,1,14,19,20,12,0,2,10,16,4,3,6,15,7,21
9,5,13,11,18,8,1,14,19,20,12,0,2,10,16,4,3,6,15,7,21
9,5,13,11,18,8,1,14,19,20,12,0,2,10,16,4,3,6,15,7,21
9,5,13,11,18,8,1,14,19,20,12,0,2,10,16,4,3,6,15,7,21
9,5,13,11,18,8,1,14,19,20,12,0,2,10,16,4,3,6,15,7,21
9,5,13,11,18,8,1,14,19,20,12,0,2,10,16,4,3,6,15,7,21
9,5,13,11,18,8,1,14,19,20,12,0,2,10,16,4,3,6,15,7,21
9,5,13,11,18,8,1,14,19,20,12,0,2,10,16,4,3,6,15,7,21
9,5,13,11,18,8,1,14,19,20,12,0,2,10,16,4,3,6,15,7,21
9,5,13,11,18,8,1,14,19,20,12,0,2,10,16,4,3,6,15,7,21
9,5,13,11,18,8,1,14,19,20,12,0,2,10,16,4,3,6,15,7,21
9,5,13,11,18,8,1,14,19,20,12,0,2,10,16,4,3,6,15,7,21
9,5,13,11,18,8,1,14,19,20,12,0,2,10,16,4,3,6,15,7,21
9,5,13,11,18,8,1,14,19,20,12,0,2,10,16,4,3,6,15,7,21
9,5,13,11,18,8,1,14,19,20,12,0,2,10,16,4,3,6,15,7,21
9,5,13,11,18,8,1,14,19,20,12,0,2,10,16,4,3,6,15,7,21
9,5,13,11,18,8,1,14,19,20,12,0,2,10,16,4,3,6,15,7,21
9,5,13,11,18,8,1,14,19,20,12,0,2,10,16,4,3,6,15,7,21
9,5,13,11,18,8,1,14,19,20,12,0,2,10,16,4,3,6,15,7,21
9,5,13,11,18,8,1,14,19,20,12,0,2,10,16,4,3,6,15,7,21
9,5,13,11,18,8,1,14,19,20,12,0,2,10,16,4,3,6,15,7,21
9,5,13,11,18,8,1,14,19,20,12,0,2,10,16,4,3,6,15,7,21
9,5,13,11,18,8,1,14,19,20,12,0,2,10,16,4,3,6,15,7,21
9,5,13,11,18,8,1,14,19,20,12,0,2,10,16,4,3,6,15,7,21
9,5,13,11,18,8,1,14,19,20,12,0,2,10,16,4,3,6,15,7,21
9,5,13,11,18,8,1,14,19,20,12,0,2,10,16,4,3,6,15,7,21
9,5,13,11,18,8,1,14,19,20,12,0,2,10,16,4,3,6,15,7,21
9,5,13,11,18,8,1,14,19,20,12,0,2,10,16,4,3,6,15,7,21
9,5,13,11,18,8,1,14,19,20,12,0,2,10,16,4,3,6,15,7,21
9,5,13,11,18,8,1,14,19,20,12,0,2,10,16,4,3,6,15,7,21
9,5,13,11,18,8,1,14,19,20,12,0,2,10,16,4,3,6,15,7,21
9,5,13,11,18,8,1,14,19,20,12,0,2,10,16,4,3,6,15,7,21
9,5,13,11,18,8,1,14,19,20,12,0,2,10,16,4,3,6,15,7,21
9,5,13,11,18,8,1,14,19,20,12,0,2,10,16,4,3,6,15,7,21
9,5,13,11,18,8,1,14,19,20,12,0,2,10,16,4,3,6,15,7,21
9,5,13,11,18,8,1,14,19,20,12,0,2,10,16,4,3,6,15,7,21
9,5,13,11,18,8,1,14,19,20,12,0,2,10,16,4,3,6,15,7,21
9,5,13,11,18,8,1,14,19,20,12,0,2,10,16,4,3,6,15,7,21
9,5,13,11,18,8,1,14,19,20,12,0,2,10,16,4,3,6,15,7,21
9,5,13,11,18,8,1,14,19,20,12,0,2,10,16,4,3,6,15,7,21
9,5,13,11,18,8,1,14,19,20,12,0,2,10,16,4,3,6,15,7,21
9,5,13,11,18,8,1,14,19,20,12,0,2,10,16,4,3,6,15,7,21
9,5,13,11,18,8,1,14,19,20,12,0,2,10,16,4,3,6,15,7,21
9,5,13,11,18,8,1,14,19,20,12,0,2,10,16,4,3,6,15,7,21
9,5,13,11,18,8,1,14,19,20,12,0,2,10,16,4,3,6,15,7,21
9,5,13,11,18,8,1,14,19,20,12,0,2,10,16,4,3,6,15,7,21
9,5,13,11,18,8,1,14,19,20,12,0,2,10,16,4,3,6,15,7,21
9,5,13,11,18,8,1,14,19,20,12,0,2,10,16,4,3,6,15,7,21
9,5,13,11,18,8,1,14,19,20,12,0,2,10,16,4,3,6,15,7,21
9,5,13,11,18,8,1,14,19,20,12,0,2,10,16,4,3,6,15,7,21
9,5,13,11,18,8,1,14,19,20,12,0,2,10,16,4,3,6,15,7,21
9,5,13,11,18,8,1,14,19,20,12,0,2,10,16,4,3,6,15,7,21
9,5,13,11,18,8,1,14,19,20,12,0,2,10,16,4,3,6,15,7,21
9,5,13,11,18,8,1,14,19,20,12,0,2,10,16,4,3,6,15,7,21
9,5,13,11,18,8,1,14,19,20,12,0,2,10,16,4,3,6,15,7,21
9,5,13,11,18,8,1,14,19,20,12,0,2,10,16,4,3,6,15,7,21
9,5,13,11,18,8,1,14,19,20,12,0,2,10,16,4,3,6,15,7,21
9,5,13,11,18,8,1,14,19,20,12,0,2,10,16,4,3,6,15,7,21
9,5,13,11,18,8,1,14,19,20,12,0,2,10,16,4,3,6,15,7,21
9,5,13,11,18,8,1,14,19,20,12,0,2,10,16,4,3,6,15,7,21
9,5,13,11,18,8,1,14,19,20,12,0,2,10,16,4,3,6,15,7,21
9,5,13,11,18,8,1,14,19,20,12,0,2,10,16,4,3,6,15,7,21
9,5,13,11,18,8,1,14,19,20,12,0,2,10,16,4,3,6,15,7,21
9,5,13,11,18,8,1,14,19,20,12,0,2,10,16,4,3,6,15,7,21
9,5,13,11,18,8,1,14,19,20,12,0,2,10,16,4,3,6,15,7,21
9,5,13,11,18,8,1,14,19,20,12,0,2,10,16,4,3,6,15,7,21
9,5,13,11,18,8,1,14,19,20,12,0,2,10,16,4,3,6,15,7,21
9,5,13,11,18,8,1,14,19,20,12,0,2,10,16,4,3,6,15,7,21
9,5,13,11,18,8,1,14,19,20,12,0,2,10,16,4,3,6,15,7,21
9,5,13,11,18,8,1,14,19,20,12,0,2,10,16,4,3,6,15,7,21
9,5,13,11,18,8,1,14,19,20,12,0,2,10,16,4,3,6,15,7,21
9,5,13,11,18,8,1,14,19,20,12,0,2,10,16,4,3,6,15,7,21
9,5,13,11,18,8,1,14,19,20,12,0,2,10,16,4,3,6,15,7,21
9,5,13,11,18,8,1,14,19,20,12,0,2,10,16,4,3,6,15,7,21
9,5,13,11,18,8,1,14,19,20,12,0,2,10,16,4,3,6,15,7,21
9,5,13,11,18,8,1,14,19,20,12,0,2,10,16,4,3,6,15,7,21
9,5,13,11,18,8,1,14,19,20,12,0,2,10,16,4,3,6,15,7,21
9,5,13,11,18,8,1,14,19,20,12,0,2,10,16,4,3,6,15,7,21
9,5,13,11,18,8,1,14,19,20,12,0,2,10,16,4,3,6,15,7,21
9,5,13,11,18,8,1,14,19,20,12,0,2,10,16,4,3,6,15,7,21
9,5,13,11,18,8,1,14,19,20,12,0,2,10,16,4,3,6,15,7,21
9,5,13,11,18,8,1,14,19,20,12,0,2,10,16,4,3,6,15,7,21
9,5,13,11,18,8,1,14,19,20,12,0,2,10,16,4,3,6,15,7,21
9,5,13,11,18,8,1,14,19,20,12,0,2,10,16,4,3,6,15,7,21
9,5,13,11,18,8,1,14,19,20,12,0,2,10,16,4,3,6,15,7,21
9,5,13,11,18,8,1,14,19,20,12,0,2,10,16,4,3,6,15,7,21
